{
    "training": "600519.SH_20010827_20241231_1day_A.csv",
    "predict": "600519.SH_20250101_20250730_1day_A.csv",
    "model": true,
    "auto_tune": true,
    "params": {
        "window_size": 30,
        "epochs": 33,
        "batch_size": 16,
        "hidden_units": 32,
        "use_gru": false,
        "units": 68,
        "dropout": 0.15387392786848297,
        "lr": 0.008187296885701889
    }
}