{
    "training": "600519.SH_20150101_20241231_daily_adjusted.csv",
    "predict": "600519.SH_20250101_20250730_daily_adjusted.csv",
    "predict_length": 3,
    "auto_tune": true,
    "params": {
        "window_size": 60,
        "hidden_size": 37,
        "num_layers": 1,
        "learning_rate": 0.005957785815830787,
        "batch_size": 32,
        "num_epochs": 30,
        "dropout": 0.30834566342769043
    }
}