{
    "training": "data\\raw\\002594.SZ_20150101_20241231_1day_A.csv",
    "predict": "data\\raw\\002594.SZ_20250101_20250730_1day_A.csv",
    "model": false,
    "auto_tune": true,
    "params": {
        "n_estimators": 827,
        "max_depth": 7,
        "learning_rate": 0.017433327820732945,
        "subsample": 0.6662564249453313,
        "colsample_bytree": 0.999870675569372,
        "random_state": 42
    }
}