{
    "training": "data\\raw\\002594.SZ_20150101_20241231_1day_A.csv",
    "predict": "data\\raw\\002594.SZ_20250101_20250730_1day_A.csv",
    "model": false,
    "auto_tune": true,
    "params": {
        "n_estimators": 609,
        "max_depth": 8,
        "learning_rate": 0.02321399072693254,
        "subsample": 0.5867695515190149,
        "colsample_bytree": 0.9444496173764876,
        "random_state": 42
    }
}