{
    "training": "600519.SH_20150101_20241231_daily_adjusted.csv",
    "predict": "600519.SH_20250101_20250730_daily_adjusted.csv",
    "model": true,
    "auto_tune": true,
    "params": {
        "n_estimators": 321,
        "max_depth": 3,
        "learning_rate": 0.02912979667485856,
        "subsample": 0.5381775051323445,
        "colsample_bytree": 0.9567792934447714,
        "min_child_weight": 4,
        "gamma": 0,
        "random_state": 42,
        "n_jobs": -1,
        "window_size": 5
    }
}