{
    "training": "600519.SH_20150101_20241231_1day_A.csv",
    "predict": "600519.SH_20250101_20250730_1day_A.csv",
    "model": false,
    "auto_tune": true,
    "params": {
        "n_estimators": 851,
        "max_depth": 4,
        "learning_rate": 0.029586647921320833,
        "subsample": 0.543690974665304,
        "colsample_bytree": 0.5057741946668344,
        "random_state": 42
    }
}