{
    "training": "600519.SH_20150101_20241231_1day_A.csv",
    "predict": "600519.SH_20250101_20250730_1day_A.csv",
    "model": true,
    "auto_tune": true,
    "params": {
        "n_estimators": 409,
        "max_depth": 4,
        "learning_rate": 0.01089513196240982,
        "subsample": 0.6024992745638362,
        "colsample_bytree": 0.996364002791502,
        "min_child_weight": 4,
        "gamma": 0,
        "random_state": 42,
        "n_jobs": -1,
        "window_size": 5
    }
}