{
    "training": "data\\raw\\002594.SZ_20150101_20241231_1day_A.csv",
    "predict": "data\\raw\\002594.SZ_20250101_20250730_1day_A.csv",
    "model": false,
    "auto_tune": true,
    "params": {
        "n_estimators": 836,
        "max_depth": 5,
        "learning_rate": 0.019133257677925133,
        "subsample": 0.6088440980501735,
        "colsample_bytree": 0.9279927236428871,
        "random_state": 42
    }
}