{
    "training": "600519.SH_20150101_20241231_1day_A.csv",
    "predict": "600519.SH_20250101_20250730_1day_A.csv",
    "model": false,
    "auto_tune": true,
    "params": {
        "n_estimators": 603,
        "max_depth": 4,
        "learning_rate": 0.024432523175427507,
        "subsample": 0.8715065389673828,
        "colsample_bytree": 0.5213804603480464,
        "random_state": 42
    }
}