{
    "training": "600519.SH_20150101_20241231_1day_A.csv",
    "predict": "600519.SH_20250101_20250730_1day_A.csv",
    "model": false,
    "auto_tune": true,
    "params": {
        "n_estimators": 787,
        "max_depth": 3,
        "learning_rate": 0.017104998127549228,
        "subsample": 0.817994123926875,
        "colsample_bytree": 0.7905309486691813,
        "min_child_weight": 4,
        "gamma": 0,
        "random_state": 42,
        "n_jobs": -1,
        "window_size": 5
    }
}