{
    "training": "600519.SH_20150101_20241231_1day_A.csv",
    "predict": "600519.SH_20250101_20250730_1day_A.csv",
    "model": false,
    "auto_tune": true,
    "params": {
        "n_estimators": 238,
        "max_depth": 5,
        "learning_rate": 0.017999365165079714,
        "subsample": 0.5449732673513932,
        "colsample_bytree": 0.9627176745475969,
        "min_child_weight": 4,
        "gamma": 0,
        "random_state": 42,
        "n_jobs": -1,
        "window_size": 5
    }
}