{
    "training": "600519.SH_20150101_20241231_daily_adjusted.csv",
    "predict": "600519.SH_20250101_20250730_daily_adjusted.csv",
    "debugLog": false,
    "window_size": 30,
    "best_params": {
        "hidden_size": 256,
        "num_layers": 1,
        "dropout": 0.4096358293115252,
        "learning_rate": 0.0007158998916092561,
        "batch_size": 32
    }
}