{
    "training": "600519.SH_20150101_20241231_daily_adjusted.csv",
    "predict": "600519.SH_20250101_20250730_daily_adjusted.csv",
    "predict_length": 3,
    "params": {
        "window_size": 30,
        "epochs": 33,
        "batch_size": 16,
        "hidden_units": 112,
        "use_gru": false,
        "units": 68,
        "dropout": 0.15387392786848297,
        "lr": 0.000108579265319137
    }
}