{
    "training": "..\\data\\raw\\600519.SH_20150101_20241231_1day_A.csv",
    "predict": "..\\data\\raw\\600519.SH_20250101_20250730_1day_A.csv",
    "model": false,
    "auto_tune": true,
    "params": {
        "n_estimators": 751,
        "max_depth": 7,
        "learning_rate": 0.025647632770793356,
        "subsample": 0.6743202395493236,
        "colsample_bytree": 0.9952145277696222,
        "random_state": 42
    }
}